asset_id,section_id,asset_type,install_date,codal_life_years,last_renewal_date,tonnage_carried_since_last_renewal
TRA_SEC_01_1,SEC_01,Track,1999-09-09,25,2005-09-19,702.81
TRA_SEC_01_2,SEC_01,Track,2017-01-18,25,2019-02-01,194.27
TRA_SEC_01_3,SEC_01,Track,2016-07-24,25,2020-01-25,142.81
OHE_SEC_01_1,SEC_01,OHE,2000-10-25,35,2017-08-19,263.11
OHE_SEC_01_2,SEC_01,OHE,2012-10-07,35,2017-12-02,245.57
SIG_SEC_01_1,SEC_01,Signal,2015-04-22,18,2015-07-22,356.5
SIG_SEC_01_2,SEC_01,Signal,2000-03-18,18,2009-06-15,593.35
SIG_SEC_01_3,SEC_01,Signal,2000-07-25,18,2022-02-10,70.98
SIG_SEC_01_4,SEC_01,Signal,2018-02-05,18,2021-09-29,88.32
TRA_SEC_02_1,SEC_02,Track,2013-07-29,25,2015-04-11,211.92
TRA_SEC_02_2,SEC_02,Track,2013-05-20,25,2018-01-04,139.03
TRA_SEC_02_3,SEC_02,Track,2002-12-16,25,2021-12-20,55.73
OHE_SEC_02_1,SEC_02,OHE,2003-07-23,35,2019-07-16,100.55
OHE_SEC_02_2,SEC_02,OHE,2002-09-10,35,2008-10-16,397.64
SIG_SEC_02_1,SEC_02,Signal,2003-07-30,18,2022-05-04,40.39
SIG_SEC_02_2,SEC_02,Signal,2016-09-07,18,2017-08-14,163.54
SIG_SEC_02_3,SEC_02,Signal,2012-05-20,18,2022-10-18,29.03
SIG_SEC_02_4,SEC_02,Signal,2012-07-01,18,2015-06-23,219.07
TRA_SEC_03_1,SEC_03,Track,2001-04-04,25,2013-02-10,402.41
TRA_SEC_03_2,SEC_03,Track,2004-09-26,25,2009-03-24,598.29
TRA_SEC_03_3,SEC_03,Track,2003-08-01,25,2013-08-31,415.32
OHE_SEC_03_1,SEC_03,OHE,2010-06-14,35,2023-03-04,30.66
OHE_SEC_03_2,SEC_03,OHE,2018-05-17,35,2020-03-28,144.97
SIG_SEC_03_1,SEC_03,Signal,2008-10-30,18,2010-03-09,524.9
SIG_SEC_03_2,SEC_03,Signal,2010-10-17,18,2013-11-25,382.14
SIG_SEC_03_3,SEC_03,Signal,2017-06-18,18,2021-10-02,83.9
SIG_SEC_03_4,SEC_03,Signal,2000-05-29,18,2010-10-25,541.57
TRA_SEC_04_1,SEC_04,Track,2001-07-28,25,2005-11-17,679.51
TRA_SEC_04_2,SEC_04,Track,2001-02-24,25,2011-08-21,525.03
TRA_SEC_04_3,SEC_04,Track,2001-01-29,25,2016-07-04,276.46
OHE_SEC_04_1,SEC_04,OHE,2014-06-11,35,2019-08-20,185.88
OHE_SEC_04_2,SEC_04,OHE,2001-10-15,35,2023-05-09,26.09
SIG_SEC_04_1,SEC_04,Signal,2010-08-27,18,2020-08-25,123.95
SIG_SEC_04_2,SEC_04,Signal,2012-04-01,18,2012-11-22,428.68
SIG_SEC_04_3,SEC_04,Signal,2008-08-16,18,2013-01-16,426.36
SIG_SEC_04_4,SEC_04,Signal,1999-07-26,18,2008-05-23,593.42
TRA_SEC_05_1,SEC_05,Track,2009-01-21,25,2019-02-26,115.94
TRA_SEC_05_2,SEC_05,Track,2018-04-07,25,2020-04-23,92.37
TRA_SEC_05_3,SEC_05,Track,2017-12-21,25,2021-12-17,55.19
OHE_SEC_05_1,SEC_05,OHE,2014-03-18,35,2022-02-26,46.06
OHE_SEC_05_2,SEC_05,OHE,1999-04-16,35,2017-08-22,164.5
SIG_SEC_05_1,SEC_05,Signal,2003-10-09,18,2019-10-09,110.6
SIG_SEC_05_2,SEC_05,Signal,2011-08-25,18,2016-01-03,205.25
SIG_SEC_05_3,SEC_05,Signal,2008-04-14,18,2022-02-16,49.99
SIG_SEC_05_4,SEC_05,Signal,2012-08-02,18,2021-06-19,57.58
TRA_SEC_06_1,SEC_06,Track,2007-03-09,25,2012-06-12,417.56
TRA_SEC_06_2,SEC_06,Track,2008-10-04,25,2020-02-29,158.02
TRA_SEC_06_3,SEC_06,Track,2015-07-08,25,2017-12-25,235.3
OHE_SEC_06_1,SEC_06,OHE,2000-04-07,35,2020-04-22,143.11
OHE_SEC_06_2,SEC_06,OHE,2016-09-24,35,2017-03-30,290.79
SIG_SEC_06_1,SEC_06,Signal,2013-11-04,18,2017-02-16,292.43
SIG_SEC_06_2,SEC_06,Signal,2007-11-25,18,2015-03-28,332.49
SIG_SEC_06_3,SEC_06,Signal,2017-02-20,18,2017-10-17,268.21
SIG_SEC_06_4,SEC_06,Signal,2006-05-04,18,2018-03-07,225.89
TRA_SEC_07_1,SEC_07,Track,2004-06-25,25,2006-06-10,227.06
TRA_SEC_07_2,SEC_07,Track,2003-05-28,25,2010-08-07,147.46
TRA_SEC_07_3,SEC_07,Track,2015-10-09,25,2016-07-21,91.28
OHE_SEC_07_1,SEC_07,OHE,2018-10-26,35,2023-01-10,12.09
OHE_SEC_07_2,SEC_07,OHE,2018-11-25,35,2022-10-06,15.02
SIG_SEC_07_1,SEC_07,Signal,2005-03-01,18,2013-04-07,121.73
SIG_SEC_07_2,SEC_07,Signal,2004-10-04,18,2019-10-11,48.93
SIG_SEC_07_3,SEC_07,Signal,2004-01-27,18,2013-04-21,137.36
SIG_SEC_07_4,SEC_07,Signal,2005-11-06,18,2014-07-31,103.88
TRA_SEC_08_1,SEC_08,Track,2011-08-25,25,2020-05-11,138.29
TRA_SEC_08_2,SEC_08,Track,1999-07-17,25,2014-11-08,394.62
TRA_SEC_08_3,SEC_08,Track,2006-05-19,25,2009-11-22,564.67
OHE_SEC_08_1,SEC_08,OHE,2007-06-19,35,2015-08-09,315.48
OHE_SEC_08_2,SEC_08,OHE,2004-07-21,35,2018-03-08,210.67
SIG_SEC_08_1,SEC_08,Signal,2006-02-03,18,2020-09-20,142.79
SIG_SEC_08_2,SEC_08,Signal,1999-12-04,18,2009-02-20,579.1
SIG_SEC_08_3,SEC_08,Signal,2018-09-10,18,2019-01-14,195.72
SIG_SEC_08_4,SEC_08,Signal,1999-09-02,18,2008-05-16,669.29
TRA_SEC_09_1,SEC_09,Track,2013-02-10,25,2019-07-03,192.67
TRA_SEC_09_2,SEC_09,Track,2012-08-30,25,2021-08-31,94.54
TRA_SEC_09_3,SEC_09,Track,2000-04-12,25,2008-03-10,641.37
OHE_SEC_09_1,SEC_09,OHE,2017-01-21,35,2019-07-16,196.01
OHE_SEC_09_2,SEC_09,OHE,2016-03-14,35,2019-09-20,184.32
SIG_SEC_09_1,SEC_09,Signal,2004-03-09,18,2012-07-23,476.26
SIG_SEC_09_2,SEC_09,Signal,2011-10-24,18,2020-01-26,167.01
SIG_SEC_09_3,SEC_09,Signal,2002-10-19,18,2009-11-21,611.18
SIG_SEC_09_4,SEC_09,Signal,2008-10-10,18,2016-02-12,334.25
TRA_SEC_10_1,SEC_10,Track,2006-01-01,25,2011-03-21,541.61
TRA_SEC_10_2,SEC_10,Track,2001-03-15,25,2016-01-25,309.54
TRA_SEC_10_3,SEC_10,Track,2017-02-14,25,2019-10-24,152.02
OHE_SEC_10_1,SEC_10,OHE,2009-09-09,35,2016-01-03,306.15
OHE_SEC_10_2,SEC_10,OHE,2007-03-09,35,2023-01-02,36.21
SIG_SEC_10_1,SEC_10,Signal,2002-07-20,18,2017-11-05,227.84
SIG_SEC_10_2,SEC_10,Signal,2008-07-22,18,2011-12-30,453.0
SIG_SEC_10_3,SEC_10,Signal,2006-07-18,18,2022-02-28,67.0
SIG_SEC_10_4,SEC_10,Signal,2008-05-17,18,2015-04-29,356.67
TRA_SEC_11_1,SEC_11,Track,2004-06-24,25,2004-12-09,478.12
TRA_SEC_11_2,SEC_11,Track,2012-07-17,25,2014-10-15,219.81
TRA_SEC_11_3,SEC_11,Track,2010-03-23,25,2022-06-17,34.89
OHE_SEC_11_1,SEC_11,OHE,1999-10-01,35,2003-08-24,528.87
OHE_SEC_11_2,SEC_11,OHE,2010-10-28,35,2021-04-21,62.8
SIG_SEC_11_1,SEC_11,Signal,2013-12-30,18,2018-04-13,149.15
SIG_SEC_11_2,SEC_11,Signal,2005-10-19,18,2019-02-09,133.51
SIG_SEC_11_3,SEC_11,Signal,2004-03-30,18,2014-10-19,235.22
SIG_SEC_11_4,SEC_11,Signal,2010-08-11,18,2020-04-22,89.68
TRA_SEC_12_1,SEC_12,Track,2003-11-05,25,2023-03-22,28.91
TRA_SEC_12_2,SEC_12,Track,2018-01-30,25,2023-04-13,30.88
TRA_SEC_12_3,SEC_12,Track,2004-12-05,25,2014-09-11,342.33
OHE_SEC_12_1,SEC_12,OHE,2009-03-03,35,2016-09-18,272.39
OHE_SEC_12_2,SEC_12,OHE,2010-04-29,35,2018-04-02,235.37
SIG_SEC_12_1,SEC_12,Signal,2006-04-20,18,2022-10-16,47.24
SIG_SEC_12_2,SEC_12,Signal,2006-06-26,18,2015-08-09,359.92
SIG_SEC_12_3,SEC_12,Signal,2005-10-29,18,2020-12-11,111.82
SIG_SEC_12_4,SEC_12,Signal,2006-02-25,18,2023-02-01,37.28
TRA_SEC_13_1,SEC_13,Track,2000-03-13,25,2010-11-04,514.64
TRA_SEC_13_2,SEC_13,Track,2006-02-19,25,2015-07-18,341.4
TRA_SEC_13_3,SEC_13,Track,2000-03-04,25,2015-01-03,392.95
OHE_SEC_13_1,SEC_13,OHE,2000-11-23,35,2019-01-28,180.08
OHE_SEC_13_2,SEC_13,OHE,2016-12-26,35,2023-05-21,22.74
SIG_SEC_13_1,SEC_13,Signal,2005-05-05,18,2022-05-21,62.36
SIG_SEC_13_2,SEC_13,Signal,2002-02-07,18,2023-02-19,36.79
SIG_SEC_13_3,SEC_13,Signal,2013-05-13,18,2022-04-21,70.59
SIG_SEC_13_4,SEC_13,Signal,2006-06-04,18,2009-09-22,597.9
TRA_SEC_14_1,SEC_14,Track,2002-12-07,25,2017-09-13,235.79
TRA_SEC_14_2,SEC_14,Track,2003-12-28,25,2007-10-05,713.47
TRA_SEC_14_3,SEC_14,Track,2010-10-01,25,2018-10-04,221.36
OHE_SEC_14_1,SEC_14,OHE,2012-03-09,35,2012-12-20,472.93
OHE_SEC_14_2,SEC_14,OHE,2010-06-03,35,2013-09-06,433.87
SIG_SEC_14_1,SEC_14,Signal,2016-12-09,18,2017-07-31,257.19
SIG_SEC_14_2,SEC_14,Signal,2002-06-22,18,2018-06-24,238.47
SIG_SEC_14_3,SEC_14,Signal,2011-03-21,18,2023-05-15,27.38
SIG_SEC_14_4,SEC_14,Signal,2017-03-05,18,2021-06-25,109.87
TRA_SEC_15_1,SEC_15,Track,1999-12-28,25,2010-11-20,336.54
TRA_SEC_15_2,SEC_15,Track,2010-01-12,25,2019-07-21,107.42
TRA_SEC_15_3,SEC_15,Track,2005-07-21,25,2009-12-30,370.55
OHE_SEC_15_1,SEC_15,OHE,2003-03-18,35,2021-08-26,58.7
OHE_SEC_15_2,SEC_15,OHE,2017-11-07,35,2020-05-25,89.08
SIG_SEC_15_1,SEC_15,Signal,2001-04-01,18,2017-12-29,138.73
SIG_SEC_15_2,SEC_15,Signal,2016-02-22,18,2017-11-24,156.22
SIG_SEC_15_3,SEC_15,Signal,2016-12-24,18,2022-12-15,27.27
SIG_SEC_15_4,SEC_15,Signal,2017-07-19,18,2018-08-10,140.42
TRA_SEC_16_1,SEC_16,Track,2017-05-17,25,2022-12-25,27.98
TRA_SEC_16_2,SEC_16,Track,2011-07-08,25,2019-01-22,131.29
TRA_SEC_16_3,SEC_16,Track,2000-01-22,25,2001-10-23,582.92
OHE_SEC_16_1,SEC_16,OHE,2011-06-24,35,2022-07-01,39.69
OHE_SEC_16_2,SEC_16,OHE,2007-11-01,35,2016-11-08,193.19
SIG_SEC_16_1,SEC_16,Signal,2016-10-11,18,2020-03-10,86.0
SIG_SEC_16_2,SEC_16,Signal,2009-08-18,18,2022-09-21,29.59
SIG_SEC_16_3,SEC_16,Signal,2016-08-26,18,2019-01-20,129.77
SIG_SEC_16_4,SEC_16,Signal,2007-05-03,18,2008-05-24,380.39
TRA_SEC_17_1,SEC_17,Track,2013-04-15,25,2014-08-18,354.16
TRA_SEC_17_2,SEC_17,Track,1999-09-27,25,2023-03-27,33.58
TRA_SEC_17_3,SEC_17,Track,2018-02-20,25,2018-09-21,212.35
OHE_SEC_17_1,SEC_17,OHE,1999-02-22,35,2021-09-14,92.9
OHE_SEC_17_2,SEC_17,OHE,1999-08-13,35,2011-01-03,533.24
SIG_SEC_17_1,SEC_17,Signal,2005-02-01,18,2016-05-13,313.24
SIG_SEC_17_2,SEC_17,Signal,2007-04-26,18,2009-05-09,532.66
SIG_SEC_17_3,SEC_17,Signal,2013-05-20,18,2013-11-19,436.29
SIG_SEC_17_4,SEC_17,Signal,2009-11-21,18,2015-01-22,341.75
